{"cameraMode":{"drawMode":0,"name":"Shaded","section":"Shading Mode"},"sceneLighting":true,"audioPlay":false,"sceneViewState":{"showFog":true,"showMaterialUpdate":false,"showSkybox":true,"showFlares":true,"showImageEffects":true,"showParticleSystems":true},"in2DMode":false,"pivot":{"x":445.42431640625,"y":193.24606323242188,"z":-1.1780760288238526},"rotation":{"x":-0.06174644082784653,"y":-0.02784605324268341,"z":0.0017234365222975612,"w":-0.9977044463157654},"size":327.40447998046877,"orthographic":false}